,company_name,address,category,telephon
0,الجمهورية للتسويق العقارى,18 ب ش احمد حشمت  الزمالك  القاهرة.,عقار,+201288818000
1,لافيتا العقارية,34 ش مكرم عبيد  الدور 7  مدينة نصر  القاهرة.,عقار,17137 
2,لافيتا العقارية,34 ش مكرم عبيد  الدور 7  مدينة نصر  القاهرة.,عقار, +20222726067 
3,لافيتا العقارية,34 ش مكرم عبيد  الدور 7  مدينة نصر  القاهرة.,عقار, +201274444949
4,الحمصاني للخبرة والتثمين والتقييم العقارى - د. حسين الحمصانى,184 عمارات البنفسج  التجمع الخامس  القاهرة الجديدة  القاهرة.,مقيم عقارات,+201001400122 
5,الحمصاني للخبرة والتثمين والتقييم العقارى - د. حسين الحمصانى,184 عمارات البنفسج  التجمع الخامس  القاهرة الجديدة  القاهرة.,مقيم عقارات, +20235623275
6,شركة دار الهنا للانشاءات والتجارة,58 عمارة حسين صدقى ش مصر حلوان الزراعى  الشقة 14  الدور 1  المعادى  القاهرة.,انشاءات,+201554202859 
7,شركة دار الهنا للانشاءات والتجارة,58 عمارة حسين صدقى ش مصر حلوان الزراعى  الشقة 14  الدور 1  المعادى  القاهرة.,انشاءات, +201001002441 
8,شركة دار الهنا للانشاءات والتجارة,58 عمارة حسين صدقى ش مصر حلوان الزراعى  الشقة 14  الدور 1  المعادى  القاهرة.,انشاءات, +201064141413 
9,شركة دار الهنا للانشاءات والتجارة,58 عمارة حسين صدقى ش مصر حلوان الزراعى  الشقة 14  الدور 1  المعادى  القاهرة.,انشاءات, +201113378661
10,الفهد كمبانى,5 ز/2 ش شوقى عبد المنعم  متفرع من ش النصر - تقسيم اللاسلكى  المعادى الجديدة  المعادى  القاهرة.,تسويق عقارى,+201000554432 
11,الفهد كمبانى,5 ز/2 ش شوقى عبد المنعم  متفرع من ش النصر - تقسيم اللاسلكى  المعادى الجديدة  المعادى  القاهرة.,تسويق عقارى, +201027999696 
12,الفهد كمبانى,5 ز/2 ش شوقى عبد المنعم  متفرع من ش النصر - تقسيم اللاسلكى  المعادى الجديدة  المعادى  القاهرة.,تسويق عقارى, +20227547313
13,تراث للانشاءات والتنمية العمرانية والاستشارات الهندسية - م. سامى نجم,2 عمارات نيركو - الشطر الخامس  زهراء المعادى  المعادى  القاهرة.,,+20225200659 
14,تراث للانشاءات والتنمية العمرانية والاستشارات الهندسية - م. سامى نجم,2 عمارات نيركو - الشطر الخامس  زهراء المعادى  المعادى  القاهرة.,, +201066647002 
15,تراث للانشاءات والتنمية العمرانية والاستشارات الهندسية - م. سامى نجم,2 عمارات نيركو - الشطر الخامس  زهراء المعادى  المعادى  القاهرة.,, +201066647000 
16,تراث للانشاءات والتنمية العمرانية والاستشارات الهندسية - م. سامى نجم,2 عمارات نيركو - الشطر الخامس  زهراء المعادى  المعادى  القاهرة.,, +201061631166
17,شركة البناء الحديث للمقاولات والاستثمار العقارى,35 ش عبد العزيز عيسى - المنطقة التاسعة  مدينة نصر  القاهرة.,,+201276880148 
18,شركة البناء الحديث للمقاولات والاستثمار العقارى,35 ش عبد العزيز عيسى - المنطقة التاسعة  مدينة نصر  القاهرة.,, +20224733202 
19,شركة البناء الحديث للمقاولات والاستثمار العقارى,35 ش عبد العزيز عيسى - المنطقة التاسعة  مدينة نصر  القاهرة.,, +20224733201 
20,شركة البناء الحديث للمقاولات والاستثمار العقارى,35 ش عبد العزيز عيسى - المنطقة التاسعة  مدينة نصر  القاهرة.,, +201003260425
21,شركة ميرميد للقرى السياحية,110 ش الميرغنى تقاطع ش الثورة  مصر الجديدة  القاهرة.,,16003 
22,شركة ميرميد للقرى السياحية,110 ش الميرغنى تقاطع ش الثورة  مصر الجديدة  القاهرة.,, +20226909521 
23,شركة ميرميد للقرى السياحية,110 ش الميرغنى تقاطع ش الثورة  مصر الجديدة  القاهرة.,, +20226909520 
24,شركة ميرميد للقرى السياحية,110 ش الميرغنى تقاطع ش الثورة  مصر الجديدة  القاهرة.,, +20224146259 
25,شركة ميرميد للقرى السياحية,110 ش الميرغنى تقاطع ش الثورة  مصر الجديدة  القاهرة.,, +20226901906 
26,شركة ميرميد للقرى السياحية,110 ش الميرغنى تقاطع ش الثورة  مصر الجديدة  القاهرة.,, +20224146258
27,25 يناير للاستثمار العقارى,ش مؤسسة الزكاة - بركة الحاج  المرج  القاهرة.,,+201114580183
28,25 يناير للتنمية العقارية,9 ش ابو عبيدة الجراح  مصر الجديدة  القاهرة.,,+201097060407 
29,25 يناير للتنمية العقارية,9 ش ابو عبيدة الجراح  مصر الجديدة  القاهرة.,, +201122232049
30,90 افينيو,شارع التسعين  التجمع الخامس  القاهرة الجديدة  القاهرة.,,19981 
31,90 افينيو,شارع التسعين  التجمع الخامس  القاهرة الجديدة  القاهرة.,, +201096603466
32,اب ترن للتطوير العقارى,فيلا 120 - - النرجس 5  النرجس  القاهرة الجديدة  القاهرة.,,+201068692224 
33,اب ترن للتطوير العقارى,فيلا 120 - - النرجس 5  النرجس  القاهرة الجديدة  القاهرة.,, +201122227884 
34,اب ترن للتطوير العقارى,فيلا 120 - - النرجس 5  النرجس  القاهرة الجديدة  القاهرة.,, +201122227883 
35,اب ترن للتطوير العقارى,فيلا 120 - - النرجس 5  النرجس  القاهرة الجديدة  القاهرة.,, 19316
36,اب سوينج,5 ش الشيخ المرصفى  الزمالك  القاهرة.,,+20227372936
37,ابت كى العقارية,19 أ عمارات العبور - طريق صلاح سالم  مدينة نصر  القاهرة.,,+20222623275
38,ابتكار العقارية,ش التسعين الجنوبى  اللوتس - عمارة 75  التجمع الخامس  القاهرة الجديدة  القاهرة.,,+201100368666 
39,ابتكار العقارية,ش التسعين الجنوبى  اللوتس - عمارة 75  التجمع الخامس  القاهرة الجديدة  القاهرة.,, +201111704557
40,ابداع كابيتال,4 ش 151  الخبيرى  المعادى  القاهرة.,,+201101905905
41,ابداع للتطوير العقارى,فيلا 63  الحي الثالث، منطقة 4 ب  التجمع الخامس  القاهرة الجديدة  القاهرة.,,+201068533331
42,ابداع للتنمية العقارية,43 ش مصطفى النحاس  مدينة نصر  القاهرة.,,+201018296126 
43,ابداع للتنمية العقارية,43 ش مصطفى النحاس  مدينة نصر  القاهرة.,, +201118640853
44,ابراج دجلة مصر,8 /2 عمارات نيركو ش الزهراء  الشطر الخامس  زهراء المعادى  المعادى  القاهرة.,,19120 
45,ابراج دجلة مصر,8 /2 عمارات نيركو ش الزهراء  الشطر الخامس  زهراء المعادى  المعادى  القاهرة.,, +201009806688
46,ابراج سيتى,13 ش عباس العقاد  المنطقة الاولى  مدينة نصر  القاهرة.,,+20224047753
47,ابراج للاستثمار العقارى,21 ش الطاقة - مشروع 29 عمارة  المنطقة السادسة  مدينة نصر  القاهرة.,,+20224717320 
48,ابراج للاستثمار العقارى,21 ش الطاقة - مشروع 29 عمارة  المنطقة السادسة  مدينة نصر  القاهرة.,, +20224717329 
49,ابراج للاستثمار العقارى,21 ش الطاقة - مشروع 29 عمارة  المنطقة السادسة  مدينة نصر  القاهرة.,, +201226679775 
50,ابراج للاستثمار العقارى,21 ش الطاقة - مشروع 29 عمارة  المنطقة السادسة  مدينة نصر  القاهرة.,, +201222470788
51,ابراج للتسويق العقارى,40 كورنيش النيل  كورنيش المعادى  المعادى  القاهرة.,,+20225287560 
52,ابراج للتسويق العقارى,40 كورنيش النيل  كورنيش المعادى  المعادى  القاهرة.,, +20225287562 
53,ابراج للتسويق العقارى,40 كورنيش النيل  كورنيش المعادى  المعادى  القاهرة.,, +20225287561 
54,ابراج للتسويق العقارى,40 كورنيش النيل  كورنيش المعادى  المعادى  القاهرة.,, +20225287563
55,ابراج للعقارات,123 فيلا 4 ش الملتقى العربى  مساكن شيراتون  مصر الجديدة  القاهرة.,,19649
56,ابراج للمقاولات والاستثمار العقارى,7 ش ابو الفتوح عبد الله  عين شمس الشرقية  القاهرة.,,+20221848067 
57,ابراج للمقاولات والاستثمار العقارى,7 ش ابو الفتوح عبد الله  عين شمس الشرقية  القاهرة.,, +201000129146
58,ابراج مصر,فيلا 213 - القطعة الرابعة  حى النرجس  التجمع الخامس  القاهرة الجديدة  القاهرة.,,+20226411359 
59,ابراج مصر,فيلا 213 - القطعة الرابعة  حى النرجس  التجمع الخامس  القاهرة الجديدة  القاهرة.,, +20226411349
60,ابراهيم للعقارات,القطعة 7966 ش 9  المقطم  القاهرة.,,+20225079981 
61,ابراهيم للعقارات,القطعة 7966 ش 9  المقطم  القاهرة.,, +201001067811 
62,ابراهيم للعقارات,القطعة 7966 ش 9  المقطم  القاهرة.,, +201001505283 
63,ابراهيم للعقارات,القطعة 7966 ش 9  المقطم  القاهرة.,, +201111555349
64,ابعاد المدار للاستثمار,46 ش النهضة تقاطع ش 7 - الدور 3  المعادى  القاهرة.,,+20223804531 
65,ابعاد المدار للاستثمار,46 ش النهضة تقاطع ش 7 - الدور 3  المعادى  القاهرة.,, +201202875130 
66,ابعاد المدار للاستثمار,46 ش النهضة تقاطع ش 7 - الدور 3  المعادى  القاهرة.,, +201150680498
67,ابن سينا للاسكان,117 ش عبد العزيز فهمى - الدور 5 شقة 51  مصر الجديدة  القاهرة.,,+20224199364 
68,ابن سينا للاسكان,117 ش عبد العزيز فهمى - الدور 5 شقة 51  مصر الجديدة  القاهرة.,, +20224145178
69,ابناء الحاج ربيع,ش سلاح المهندسين - الدواجن  حلوان  القاهرة.,,+201143177503 
70,ابناء الحاج ربيع,ش سلاح المهندسين - الدواجن  حلوان  القاهرة.,, +201220621297
71,ابناء الخطيب للعقارات,9 ش الجمهورية  المرج الجديدة  القاهرة.,,+201220196778 
72,ابناء الخطيب للعقارات,9 ش الجمهورية  المرج الجديدة  القاهرة.,, +201124055599
73,ابناء الصعيد للعقارات,39 ش ابو بكر الصديق  عزبة النخل  القاهرة.,,+201146561435
74,ابناء العبد للاستثمار العقارى,ش الخمسين  النزهة الجديدة  القاهرة.,,+201066221147
75,ابناء الكرداسى للعقارات,71 ش الاربعين - عرب الطوايلة  عين شمس الغربية  القاهرة.,,+201283438898
76,ابناء النيل للتنمية العقارية,80 ش حسنين دسوقى  حدائق المعادى  المعادى  القاهرة.,,+20227513204 
77,ابناء النيل للتنمية العقارية,80 ش حسنين دسوقى  حدائق المعادى  المعادى  القاهرة.,, +201152087010 
78,ابناء النيل للتنمية العقارية,80 ش حسنين دسوقى  حدائق المعادى  المعادى  القاهرة.,, +201007845656
79,ابناء سوهاج للعقارات,ش مكة  المرج  القاهرة.,,+201002317920
80,ابناء سوهاج للعقارات,7 الشارع الجديد امتداد ش 6 اكتوبر  عين شمس الشرقية  القاهرة.,,+201062757237
81,ابنى بيتك للعقارات,5 ش الخمسين تقسيم شمال سيناء  زهراء المعادى  المعادى  القاهرة.,,+201001066107 
82,ابنى بيتك للعقارات,5 ش الخمسين تقسيم شمال سيناء  زهراء المعادى  المعادى  القاهرة.,, +201063883418
83,ابنى للاستثمار العقارى,38 ش الطيران  الدور 7  الحى السابع  مدينة نصر  القاهرة.,,19901 
84,ابنى للاستثمار العقارى,38 ش الطيران  الدور 7  الحى السابع  مدينة نصر  القاهرة.,, +20224038573 
85,ابنى للاستثمار العقارى,38 ش الطيران  الدور 7  الحى السابع  مدينة نصر  القاهرة.,, +201026070010 
86,ابنى للاستثمار العقارى,38 ش الطيران  الدور 7  الحى السابع  مدينة نصر  القاهرة.,, +20224038569
87,ابو احمد للعقارات,12 ش محمد ابراهيم  المرج  القاهرة.,,+201061079682
88,ابو احمد للعقارات,3 ش احمد بلال امين - الجزيرة  دار السلام  القاهرة.,,+201129232523 
89,ابو احمد للعقارات,3 ش احمد بلال امين - الجزيرة  دار السلام  القاهرة.,, +201221380867
90,ابو احمد للعقارات,453 تقسيم عمر بن الخطاب  جسر السويس  القاهرة.,,+201200007903
91,ابو ادهم لتجارة الاراضى,9 ش سعيد الحداد  المرج  القاهرة.,,+201122655132
92,ابو اسلام للعقارات,3 ش جمال عبد الناصر  الحرفيين  القاهرة.,,+201276565499
93,ابو الحسن للعقارات,ش علاء عوض الله متفرع من ش سيد احمد  عين شمس  القاهرة.,,+201004956551
94,ابو الدهب,ش النواوى  السيدة زينب  القاهرة.,,+201111749930
95,ابو الدهب للتسويق العقارى,السوق التجارى  مدينة الرحاب  القاهرة.,,+20226927760 
96,ابو الدهب للتسويق العقارى,السوق التجارى  مدينة الرحاب  القاهرة.,, +201288555594 
97,ابو الدهب للتسويق العقارى,السوق التجارى  مدينة الرحاب  القاهرة.,, +201288555655
98,ابو الشوق للعقارات,ش 1  شبرا  القاهرة.,,+201285913912
99,ابو العز للعقارات,92 ش جسر السويسالالف مسكن  جسر السويس  القاهرة.,,+201150553210 
100,ابو العز للعقارات,92 ش جسر السويسالالف مسكن  جسر السويس  القاهرة.,, +201000447621
101,ابو القاسم لبيع وتقسيم الاراضى,9 ش 7  وادى حوف  القاهرة.,,+201146000017 
102,ابو القاسم لبيع وتقسيم الاراضى,9 ش 7  وادى حوف  القاهرة.,, +201008010050
103,ابو الوفا للاستثمار العقارى,2122 ش الارقم بن ابى الارقم  مدينة المعراج  زهراء المعادى  المعادى  القاهرة.,,+201150050893
104,ابو جودة,ش الثورة  حدائق المعادى  المعادى  القاهرة.,,+201225114075
105,ابو حسن للتسويق العقارى,208 ش ابو بكر الصديق تقسيم عمر بن الخطاب  جسر السويس  القاهرة.,,+20226987521 
106,ابو حسن للتسويق العقارى,208 ش ابو بكر الصديق تقسيم عمر بن الخطاب  جسر السويس  القاهرة.,, +201121577225 
107,ابو حسن للتسويق العقارى,208 ش ابو بكر الصديق تقسيم عمر بن الخطاب  جسر السويس  القاهرة.,, +201097223331
108,ابو حسيبة للعقارات,42 ش حامد خلف  المرج  القاهرة.,,+201006780043 
109,ابو حسيبة للعقارات,42 ش حامد خلف  المرج  القاهرة.,, +201129515167
110,ابو حمادة,ش النواوى  السيدة زينب  القاهرة.,,+201004385701
111,ابو حمادة للعقارات,1 ش عمر حجاج  المرج  القاهرة.,,+201009379894
112,ابو دنيا,بلوك 13 - مساكن الاسكندرية -  المقطم  القاهرة.,,+20228442483
113,ابو دنيا للعقارات,34 مساكن الدلتا - ش مينا دانيال  المقطم  القاهرة.,,+201220806567
114,ابو دنيا للعقارات,78 ش الجامعة الحديثة  تفسيم المستقبل  الحى الرابع  المقطم  القاهرة.,,+201229305921
115,ابو رجيلة للعقارات,2 ش ابو رجيلة - كفر الشرفا  المرج  القاهرة.,,+201158333924
116,ابو رحمة,ش عمر بن الخطاب  الزاوية الحمراء  القاهرة.,,+201024604377
117,ابو زياد,33 ش 6 اكتوبر  عين شمس الشرقية  القاهرة.,,+201000388049
118,ابو سليم لتجارة الاراضى,91 ش المشروع  عين شمس الغربية  القاهرة.,,+201005304497
119,ابو سماح للعقارات,22 ش القدس  عين شمس الشرقية  القاهرة.,,+201004140317 
120,ابو سماح للعقارات,22 ش القدس  عين شمس الشرقية  القاهرة.,, +201145631821
121,ابو سمير,ش سلاح المهندسين - الدواجن  حلوان  القاهرة.,,+201007385024 
122,ابو سمير,ش سلاح المهندسين - الدواجن  حلوان  القاهرة.,, +201228876424
123,ابو شادى للعقارات,10 ش محمد انيس  ارض الجولف  مصر الجديدة  القاهرة.,,+20226908789 
124,ابو شادى للعقارات,10 ش محمد انيس  ارض الجولف  مصر الجديدة  القاهرة.,, +20224142472 
125,ابو شادى للعقارات,10 ش محمد انيس  ارض الجولف  مصر الجديدة  القاهرة.,, +201008478599 
126,ابو شادى للعقارات,10 ش محمد انيس  ارض الجولف  مصر الجديدة  القاهرة.,, +20224182923
127,ابو شريف للعقارات,26 ش محمد عباس  عين شمس  القاهرة.,,+201001779450
128,ابو شنب للعقارات,9 ش خالد بن الوليد  حدائق المعادى  المعادى  القاهرة.,,+201226276007
129,ابو ظبى للاستثمار العقارى,17 ش 151  المعادى  القاهرة.,,+20225260504 
130,ابو ظبى للاستثمار العقارى,17 ش 151  المعادى  القاهرة.,, +201111046778
131,ابو عمار للعقارات,3 ش محمود هاشم  المطرية  القاهرة.,,+201014220220
132,ابو عمر للعقارات,25 - حى النرجس  التجمع الخامس  القاهرة الجديدة  القاهرة.,,+201026858040
133,ابو عيسى للعقارات,20 عمارات الشرطة -  طره  القاهرة.,,+201010212333 
134,ابو عيسى للعقارات,20 عمارات الشرطة -  طره  القاهرة.,, +201007070733
135,ابو فهد للعقارات,ش الخمسين   جسر السويس  القاهرة.,,+201001511636
136,ابو كريم للعقارات,2 ش ابراهيم عبد المنعم - مدينة الزهور  المرج  القاهرة.,,+201153355440 
137,ابو كريم للعقارات,2 ش ابراهيم عبد المنعم - مدينة الزهور  المرج  القاهرة.,, +201150585000
138,ابو كمال,24 ش جعفر  حلوان  القاهرة.,,+201110370339 
139,ابو كمال,24 ش جعفر  حلوان  القاهرة.,, +201114432226
140,ابو مازن,29 ش صعب صالح  عين شمس الشرقية  القاهرة.,,+201123459498
141,ابو هاشم للعقارات,1 امتداد ش فلسطين  المعادى الجديدة  المعادى  القاهرة.,,+20227031833
142,ابو همام للعقارات,16 ش محمد على الوسيمى تقسيم ارض الجمعية  حدائق القبة  القاهرة.,,+201222242388 
143,ابو همام للعقارات,16 ش محمد على الوسيمى تقسيم ارض الجمعية  حدائق القبة  القاهرة.,, +201006629888
144,ابو وليد,46 ش العشرين  جسر السويس  القاهرة.,,+201005393898 
145,ابو وليد,46 ش العشرين  جسر السويس  القاهرة.,, +201124816766
146,ابيات للاستثمار العقارى,48 ش 9  الدور 1  المقطم  القاهرة.,,+20228469059
147,ابيات للعقارات,2 ش حسنين هيكل  مدينة نصر  القاهرة.,,+201069210222
148,اتش ان اس جروب,199 ش العروبة  مساكن شيراتون  مصر الجديدة  القاهرة.,,+20222677925 
149,اتش ان اس جروب,199 ش العروبة  مساكن شيراتون  مصر الجديدة  القاهرة.,, +20222677926 
150,اتش ان اس جروب,199 ش العروبة  مساكن شيراتون  مصر الجديدة  القاهرة.,, 19467 
151,اتش ان اس جروب,199 ش العروبة  مساكن شيراتون  مصر الجديدة  القاهرة.,, +20222677924
152,اثمار للاستثمار والتنمية العقارية,فيلا 19  البنفسج 11  التجمع الخامس  القاهرة الجديدة  القاهرة.,,19405
153,اجياد للتطوير العقارى,48 ش ذاكر حسين  الدور 7  الحى السابع  مدينة نصر  القاهرة.,,+20223897502 
154,اجياد للتطوير العقارى,48 ش ذاكر حسين  الدور 7  الحى السابع  مدينة نصر  القاهرة.,, +201002226798 
155,اجياد للتطوير العقارى,48 ش ذاكر حسين  الدور 7  الحى السابع  مدينة نصر  القاهرة.,, +201100384545 
156,اجياد للتطوير العقارى,48 ش ذاكر حسين  الدور 7  الحى السابع  مدينة نصر  القاهرة.,, +201100385454
157,اجيبشيان اكسبيرينس,3 /5 الشطر السابع - متفرع من ش الجزائر  المعادى الجديدة  المعادى  القاهرة.,,+20225184589 
158,اجيبشيان اكسبيرينس,3 /5 الشطر السابع - متفرع من ش الجزائر  المعادى الجديدة  المعادى  القاهرة.,, +201006049185 
159,اجيبشيان اكسبيرينس,3 /5 الشطر السابع - متفرع من ش الجزائر  المعادى الجديدة  المعادى  القاهرة.,, +20227020723
160,اجيدكو - القاضى جروب للاستثمار العقارى,4 أ ابراج المعادى ستارز كورنيش النيل  كورنيش المعادى  المعادى  القاهرة.,,+20225250704 
161,اجيدكو - القاضى جروب للاستثمار العقارى,4 أ ابراج المعادى ستارز كورنيش النيل  كورنيش المعادى  المعادى  القاهرة.,, +201289986120 
162,اجيدكو - القاضى جروب للاستثمار العقارى,4 أ ابراج المعادى ستارز كورنيش النيل  كورنيش المعادى  المعادى  القاهرة.,, +201289007900 
163,اجيدكو - القاضى جروب للاستثمار العقارى,4 أ ابراج المعادى ستارز كورنيش النيل  كورنيش المعادى  المعادى  القاهرة.,, +201211133034 
164,اجيدكو - القاضى جروب للاستثمار العقارى,4 أ ابراج المعادى ستارز كورنيش النيل  كورنيش المعادى  المعادى  القاهرة.,, +20225243818
165,احمد الروبى للعقارات,1 ش ابو المكارم  البساتين  القاهرة.,,+201129618766
166,احمد فؤاد احمد حله,11 أ ش حلمى حسين  الغمراوى  المنيل  القاهرة.,,+201149555668 
167,احمد فؤاد احمد حله,11 أ ش حلمى حسين  الغمراوى  المنيل  القاهرة.,, +201005194603
168,احمد وسمير وعز,453 تقسيم عمر بن الخطاب  جسر السويس  القاهرة.,,+201063646897
169,اختصاصكو للتنمية العقارية والسياحية,33 برج ابو سمبل - كورنيش النيل - الدور 1  كورنيش المعادى  المعادى  القاهرة.,,+20223805101 
170,اختصاصكو للتنمية العقارية والسياحية,33 برج ابو سمبل - كورنيش النيل - الدور 1  كورنيش المعادى  المعادى  القاهرة.,, +20223802038
171,اخناتون للعقارات,53 ش جسر السويس  عمارات الفاروقية - عمارة 1أ  جسر السويس  القاهرة.,,+201001260444 
172,اخناتون للعقارات,53 ش جسر السويس  عمارات الفاروقية - عمارة 1أ  جسر السويس  القاهرة.,, +201000083580 
173,اخناتون للعقارات,53 ش جسر السويس  عمارات الفاروقية - عمارة 1أ  جسر السويس  القاهرة.,, +20226214070 
174,اخناتون للعقارات,53 ش جسر السويس  عمارات الفاروقية - عمارة 1أ  جسر السويس  القاهرة.,, +201001229555
175,ادفانس عقارات مصر,26 ب ش شجرة الدر  الزمالك  القاهرة.,,+201007879234 
176,ادفانس عقارات مصر,26 ب ش شجرة الدر  الزمالك  القاهرة.,, +201001133402
177,ادوار العقارية,1 /7 ش هادى جوهر  الحى الثالث  المقطم  القاهرة.,,+201212226905
178,ادوار العقارية,1 /7 ش هادى جوهر  الحى الثالث  المقطم  القاهرة.,,+201212226908
179,ار ام جى ايجيبت,الطريق الدائرى  كمباوند وان قطامية - برج 118  القطامية  القاهرة.,,+201000093439
180,ار اند ام للاستثمار العقارى,4 ش محمد يوسف سليم متفرع من ش عبد المعطى الخيال  ميدان هليوبوليس  مصر الجديدة  القاهرة.,,+20226339595 
181,ار اند ام للاستثمار العقارى,4 ش محمد يوسف سليم متفرع من ش عبد المعطى الخيال  ميدان هليوبوليس  مصر الجديدة  القاهرة.,, +201281274444 
182,ار اند ام للاستثمار العقارى,4 ش محمد يوسف سليم متفرع من ش عبد المعطى الخيال  ميدان هليوبوليس  مصر الجديدة  القاهرة.,, +201272020565
183,ار اى سى للاستثمار العقارى,10  امتداد ش على امين - متفرع من ش مصطفى النحاس  مدينة نصر  القاهرة.,,+201200005096 
184,ار اى سى للاستثمار العقارى,10  امتداد ش على امين - متفرع من ش مصطفى النحاس  مدينة نصر  القاهرة.,, +201285511671
185,ار جيه,4 ش الجلاء ميدان عبد المنعم رياض - الدور 1 شقة 17  وسط البلد  القاهرة.,,+201202036633 
186,ار جيه,4 ش الجلاء ميدان عبد المنعم رياض - الدور 1 شقة 17  وسط البلد  القاهرة.,, +201114885502
187,ارابكو للانشاءات والاستثمار العقارى,فيلا 76 ش التسعين الجنوبى  التجمع الخامس  القاهرة الجديدة  القاهرة.,,19021
188,ارابيسك للتطوير العقارى,16 ش احمد الزمر  الدور 1  مدينة نصر  القاهرة.,,15587
189,ارامكو للتنمية العقارية,3 عمارات صقر قريش ش عبد الحميد بدوى  مساكن شيراتون  مصر الجديدة  القاهرة.,,+201142200222 
190,ارامكو للتنمية العقارية,3 عمارات صقر قريش ش عبد الحميد بدوى  مساكن شيراتون  مصر الجديدة  القاهرة.,, +20222684874 
191,ارامكو للتنمية العقارية,3 عمارات صقر قريش ش عبد الحميد بدوى  مساكن شيراتون  مصر الجديدة  القاهرة.,, +20222684870
192,اربا للتطوير العقارى,1 ش مكرم عبيد - مبنى سيتى لايت - الدور 9  المنطقة السادسة  مدينة نصر  القاهرة.,,19208
193,ارباح للعقارات,1 ش محمد صالح حبيب  حدائق المعادى  المعادى  القاهرة.,,+201150936614
194,اربن ليدز,محور محمد نجيب - كمباوند ريفر ووك - عمارة 22 - الدور 3  التجمع الخامس  القاهرة الجديدة  القاهرة.,,+20226113508 
195,اربن ليدز,محور محمد نجيب - كمباوند ريفر ووك - عمارة 22 - الدور 3  التجمع الخامس  القاهرة الجديدة  القاهرة.,, +20226113507 
196,اربن ليدز,محور محمد نجيب - كمباوند ريفر ووك - عمارة 22 - الدور 3  التجمع الخامس  القاهرة الجديدة  القاهرة.,, +201024252560 
197,اربن ليدز,محور محمد نجيب - كمباوند ريفر ووك - عمارة 22 - الدور 3  التجمع الخامس  القاهرة الجديدة  القاهرة.,, 16057
198,ارت جروب للاستشارات الهندسية,206 - الحى الثالث - التجمع الخامس  القاهرة الجديدة  القاهرة.,,+20223131220 
199,ارت جروب للاستشارات الهندسية,206 - الحى الثالث - التجمع الخامس  القاهرة الجديدة  القاهرة.,, +201001260492 
200,ارت جروب للاستشارات الهندسية,206 - الحى الثالث - التجمع الخامس  القاهرة الجديدة  القاهرة.,, +201001260493 
201,ارت جروب للاستشارات الهندسية,206 - الحى الثالث - التجمع الخامس  القاهرة الجديدة  القاهرة.,, +201006101598
202,ارت سيتى,4 ش بشير نعمة متفرع من ش الحجاز  النزهة  مصر الجديدة  القاهرة.,,16892 
203,ارت سيتى,4 ش بشير نعمة متفرع من ش الحجاز  النزهة  مصر الجديدة  القاهرة.,, +201025925925
204,ارت للتسويق العقارى,21 ش عبد الحميد ابو هيف  مصر الجديدة  القاهرة.,,+201223587564
205,ارتال للتطوير العقارى,31 ش ياقوت الحموى متفرع من ش التسعين - الدور 1  التجمع الخامس  القاهرة الجديدة  القاهرة.,,16986 
206,ارتال للتطوير العقارى,31 ش ياقوت الحموى متفرع من ش التسعين - الدور 1  التجمع الخامس  القاهرة الجديدة  القاهرة.,, +201022228789 
207,ارتال للتطوير العقارى,31 ش ياقوت الحموى متفرع من ش التسعين - الدور 1  التجمع الخامس  القاهرة الجديدة  القاهرة.,, +201020056000
208,ارتكاز للعقارات,ش 53  الحى الثانى - المنطقة الثانية  التجمع الخامس  القاهرة الجديدة  القاهرة.,,+201005080951 
209,ارتكاز للعقارات,ش 53  الحى الثانى - المنطقة الثانية  التجمع الخامس  القاهرة الجديدة  القاهرة.,, +20225646361 
210,ارتكاز للعقارات,ش 53  الحى الثانى - المنطقة الثانية  التجمع الخامس  القاهرة الجديدة  القاهرة.,, +20225646270
211,ارديك للعقارات,19 ش عبد الحميد بدوى  الدور 1  النزهة  مصر الجديدة  القاهرة.,,15006 
212,ارديك للعقارات,19 ش عبد الحميد بدوى  الدور 1  النزهة  مصر الجديدة  القاهرة.,, +20221804792
213,ارزان للعقارات,2 ش هشام لبيب  الدور 9  متفرع من ش سمير عبد الرؤوف  الحى الثامن  مدينة نصر  القاهرة.,,+201097622069 
214,ارزان للعقارات,2 ش هشام لبيب  الدور 9  متفرع من ش سمير عبد الرؤوف  الحى الثامن  مدينة نصر  القاهرة.,, +20222750034
215,ارسيليا للتطوير العقارى,فيلا 229  الحى الثانى  التجمع الخامس  القاهرة الجديدة  القاهرة.,,15049
216,ارقى للتنمية - ايه دى جى,القطعة 311 ش التسعين الجنوبى  التجمع الخامس  القاهرة الجديدة  القاهرة.,,15273
217,اركا للاستثمار العقارى والتنمية السياحية,39 ش عباس العقاد - الدور 8  المنطقة الاولى  مدينة نصر  القاهرة.,,+20224055633 
218,اركا للاستثمار العقارى والتنمية السياحية,39 ش عباس العقاد - الدور 8  المنطقة الاولى  مدينة نصر  القاهرة.,, +201068830111 
219,اركا للاستثمار العقارى والتنمية السياحية,39 ش عباس العقاد - الدور 8  المنطقة الاولى  مدينة نصر  القاهرة.,, +201000061830 
220,اركا للاستثمار العقارى والتنمية السياحية,39 ش عباس العقاد - الدور 8  المنطقة الاولى  مدينة نصر  القاهرة.,, +20224055632
221,اركان ديفلوبرز,2 ش ابراهيم نوار  المنطقة السادسة  مدينة نصر  القاهرة.,,+20223520391 
222,اركان ديفلوبرز,2 ش ابراهيم نوار  المنطقة السادسة  مدينة نصر  القاهرة.,, +20223521517 
223,اركان ديفلوبرز,2 ش ابراهيم نوار  المنطقة السادسة  مدينة نصر  القاهرة.,, +20223520295 
224,اركان ديفلوبرز,2 ش ابراهيم نوار  المنطقة السادسة  مدينة نصر  القاهرة.,, +201227436474
225,اركون تريد,1 مربع 1216، ش الشهيد سيد زكريا  مساكن شيراتون  مصر الجديدة  القاهرة.,,+201288077088 
226,اركون تريد,1 مربع 1216، ش الشهيد سيد زكريا  مساكن شيراتون  مصر الجديدة  القاهرة.,, +201222182489
227,اركى بيز للتنمية العقارية,2014 الطريق الدائرى - مدينة المعراج  زهراء المعادى  المعادى  القاهرة.,,+20229179326 
228,اركى بيز للتنمية العقارية,2014 الطريق الدائرى - مدينة المعراج  زهراء المعادى  المعادى  القاهرة.,, +201090949740 
229,اركى بيز للتنمية العقارية,2014 الطريق الدائرى - مدينة المعراج  زهراء المعادى  المعادى  القاهرة.,, +20224472516
230,ارمك للتسويق العقارى,51 ش شمال سيناء 2  زهراء المعادى  المعادى  القاهرة.,,+201274509997 
231,ارمك للتسويق العقارى,51 ش شمال سيناء 2  زهراء المعادى  المعادى  القاهرة.,, +201228865884
232,ارمك للعقارات,51 ش الخمسين  زهراء المعادى  المعادى  القاهرة.,,+201228865884 
233,ارمك للعقارات,51 ش الخمسين  زهراء المعادى  المعادى  القاهرة.,, +201274509996 
234,ارمك للعقارات,51 ش الخمسين  زهراء المعادى  المعادى  القاهرة.,, +201120569034
235,ازورا للعقارات,41 ش مكرم عبيد  مدينة نصر  القاهرة.,,+201060484017
236,اس ار ام للتنمية العمرانية,ش اللاسلكى، ميدان المؤمن  المعادى الجديدة  المعادى  القاهرة.,,+201200258599 
237,اس ار ام للتنمية العمرانية,ش اللاسلكى، ميدان المؤمن  المعادى الجديدة  المعادى  القاهرة.,, +201204766779 
238,اس ار ام للتنمية العمرانية,ش اللاسلكى، ميدان المؤمن  المعادى الجديدة  المعادى  القاهرة.,, +201271382047 
239,اس ار ام للتنمية العمرانية,ش اللاسلكى، ميدان المؤمن  المعادى الجديدة  المعادى  القاهرة.,, +20227545584
240,اس اس او للاستثمار العقارى,33 ش كابول  المنطقة السادسة  مدينة نصر  القاهرة.,,+20226710407 
241,اس اس او للاستثمار العقارى,33 ش كابول  المنطقة السادسة  مدينة نصر  القاهرة.,, +201114444800 
242,اس اس او للاستثمار العقارى,33 ش كابول  المنطقة السادسة  مدينة نصر  القاهرة.,, +20226710408
243,اس ال دى - ستراكشر لاين للتطوير,3 و ش الاخبار  ش عبد الحميد بدوى  مصر الجديدة  القاهرة.,,19175
244,اس ام دى,4 أ كورنيش النيل  بولاق  القاهرة.,,+20225781194 
245,اس ام دى,4 أ كورنيش النيل  بولاق  القاهرة.,, +20225781195 
246,اس ام دى,4 أ كورنيش النيل  بولاق  القاهرة.,, +201287789999 
247,اس ام دى,4 أ كورنيش النيل  بولاق  القاهرة.,, +20225781196
248,اس ايه كيه ديفيلوبمنتس,محور محمد نجيب، منطقة المستثمرين الشمالية  التجمع الاول  القاهرة الجديدة  القاهرة.,,+2NULL15158
249,اس بى ال للعقارات,41 عمارات امتداد الامل -  المعادى الجديدة  المعادى  القاهرة.,,+20227005781 
250,اس بى ال للعقارات,41 عمارات امتداد الامل -  المعادى الجديدة  المعادى  القاهرة.,, +20227010087
251,اس بى دى للاستثمار والتسويق العقارى,28 عمارات العبور - - الدور 6  مدينة نصر  القاهرة.,,+20224040114 
252,اس بى دى للاستثمار والتسويق العقارى,28 عمارات العبور - - الدور 6  مدينة نصر  القاهرة.,, +20224040115
253,اس كى اى - للتسويق العقارى,239  محور محمد نجيب  البنفسج 9  التجمع الخامس  القاهرة الجديدة  القاهرة.,,+201118539994 
254,اس كى اى - للتسويق العقارى,239  محور محمد نجيب  البنفسج 9  التجمع الخامس  القاهرة الجديدة  القاهرة.,, +20223080794
255,اساس العقارية,24 عمارات الفرسان - الطريق الدائرى - الدور 1 شقة 1  القطامية  القاهرة.,,+20223150250 
256,اساس العقارية,24 عمارات الفرسان - الطريق الدائرى - الدور 1 شقة 1  القطامية  القاهرة.,, +201066409614
257,اسامة للعقارات,25 برج التوحيد - ش احمد عصمت  عين شمس  القاهرة.,,+20224992500 
258,اسامة للعقارات,25 برج التوحيد - ش احمد عصمت  عين شمس  القاهرة.,, +201003025453
259,استبينا,2 ش حوض اللبن  جاردن سيتى  القاهرة.,,+20227957910 
260,استبينا,2 ش حوض اللبن  جاردن سيتى  القاهرة.,, +201026480357 
261,استبينا,2 ش حوض اللبن  جاردن سيتى  القاهرة.,, +201014658512
262,استس - الاهلى للتسويق العقارى والاستشارات,19 ش الجمهورية - الدور 5  عابدين  القاهرة.,,+20223908506 
263,استس - الاهلى للتسويق العقارى والاستشارات,19 ش الجمهورية - الدور 5  عابدين  القاهرة.,, +20223908712 
264,استس - الاهلى للتسويق العقارى والاستشارات,19 ش الجمهورية - الدور 5  عابدين  القاهرة.,, +20223908711 
265,استس - الاهلى للتسويق العقارى والاستشارات,19 ش الجمهورية - الدور 5  عابدين  القاهرة.,, +20223908427 
266,استس - الاهلى للتسويق العقارى والاستشارات,19 ش الجمهورية - الدور 5  عابدين  القاهرة.,, +20223908425
267,استيت سينس,  مدينة 15 مايو  القاهرة.,,+20224911163
268,اسحق جروب - مجموعة شركات اسحق,28 ش مصطفي حمام متفرع من ش عباس العقاد - الدور 3  مدينة نصر  القاهرة.,,+20224018790
269,اسكان الراجحى,ش طومانباى  جسر السويس  القاهرة.,,+201112751919
270,اسكان العقارية,32 ش محمود خاطر  تقاطع ش عبدالله  حلوان  القاهرة.,,+201155528882 
271,اسكان العقارية,32 ش محمود خاطر  تقاطع ش عبدالله  حلوان  القاهرة.,, +201032673838
272,اسكان جروب للاستثمار والتسويق العقارى,169 ابراج لامار ش جسر السويس  جسر السويس  القاهرة.,,+201069307485 
273,اسكان جروب للاستثمار والتسويق العقارى,169 ابراج لامار ش جسر السويس  جسر السويس  القاهرة.,, +201229336351 
274,اسكان جروب للاستثمار والتسويق العقارى,169 ابراج لامار ش جسر السويس  جسر السويس  القاهرة.,, +20226987132 
275,اسكان جروب للاستثمار والتسويق العقارى,169 ابراج لامار ش جسر السويس  جسر السويس  القاهرة.,, +201009279905
276,اسكان للاستثمار,21 ش ابو العتاهية  امتداد ش عباس العقاد  الحى الثامن  مدينة نصر  القاهرة.,,+20222701127 
277,اسكان للاستثمار,21 ش ابو العتاهية  امتداد ش عباس العقاد  الحى الثامن  مدينة نصر  القاهرة.,, +20222712952 
278,اسكان للاستثمار,21 ش ابو العتاهية  امتداد ش عباس العقاد  الحى الثامن  مدينة نصر  القاهرة.,, +201002877766 
279,اسكان للاستثمار,21 ش ابو العتاهية  امتداد ش عباس العقاد  الحى الثامن  مدينة نصر  القاهرة.,, +201001341915
280,اسكان للاستثمار العقارى,6 ش 33  الحى الرابع  المقطم  القاهرة.,,+201121165311 
281,اسكان للاستثمار العقارى,6 ش 33  الحى الرابع  المقطم  القاهرة.,, +201007562410 
282,اسكان للاستثمار العقارى,6 ش 33  الحى الرابع  المقطم  القاهرة.,, +201277125451 
283,اسكان للاستثمار العقارى,6 ش 33  الحى الرابع  المقطم  القاهرة.,, +201159887078 
284,اسكان للاستثمار العقارى,6 ش 33  الحى الرابع  المقطم  القاهرة.,, +20229827416
285,اسكانك,منطقة 63 متر  مدينة الشروق  القاهرة.,,+201287400035 
286,اسكانك,منطقة 63 متر  مدينة الشروق  القاهرة.,, +201091214630
287,اسكن لدعاية الاستثمار العقارى,13 ش عباس العقاد  المنطقة الاولى  مدينة نصر  القاهرة.,,+20224052888
288,اسكندرية الفرعونية للاستثمار العقارى,25 أ عمارات العبور - طريق صلاح سالم  مدينة نصر  القاهرة.,,+20224010848 
289,اسكندرية الفرعونية للاستثمار العقارى,25 أ عمارات العبور - طريق صلاح سالم  مدينة نصر  القاهرة.,, +20224018582
290,اسلام للاستثمار والتسوبق العقارى,المجاورة الخامسة - الحى الثالث  مدينة بدر  القاهرة.,,+201009936480 
291,اسلام للاستثمار والتسوبق العقارى,المجاورة الخامسة - الحى الثالث  مدينة بدر  القاهرة.,, +201229496019
292,اسلامكو للاستثمار العقارى,ميدان الاسكندرية  مدينة السلام  القاهرة.,,+20222737154
293,اسلامكو للعقارات,27 ش عبده ابراهيم الدسوقى  عزبة النخل  القاهرة.,,+201285569160
294,اسماعيل عبد المجيد عطوة,177 ش محمد نجيب  المرج  القاهرة.,,+201005353575
295,اسيا للعقارات,5 ابراج العمار بلازا، ش حافظ رمضان، متفرع من ش مكرم عبيد  المنطقة السادسة  مدينة نصر  القاهرة.,,+20223492889 
296,اسيا للعقارات,5 ابراج العمار بلازا، ش حافظ رمضان، متفرع من ش مكرم عبيد  المنطقة السادسة  مدينة نصر  القاهرة.,, +201092854441
297,اسيتس للاستثمار العقارى,15 ش الميرغنى - روكسى - الدور 7  مصر الجديدة  القاهرة.,,+20227355776
298,اسيك العقارية - التركى جروب,15 ش الطاقة  مدينة نصر  القاهرة.,,+20224721548 
299,اسيك العقارية - التركى جروب,15 ش الطاقة  مدينة نصر  القاهرة.,, +201113945291
300,اشراق مصر العقارية,ابراج دارنا - الطريق الدائرى  زهراء المعادى  المعادى  القاهرة.,,+201099996006 
301,اشراق مصر العقارية,ابراج دارنا - الطريق الدائرى  زهراء المعادى  المعادى  القاهرة.,, +20223103616 
302,اشراق مصر العقارية,ابراج دارنا - الطريق الدائرى  زهراء المعادى  المعادى  القاهرة.,, +201099998895 
303,اشراق مصر العقارية,ابراج دارنا - الطريق الدائرى  زهراء المعادى  المعادى  القاهرة.,, +201099997119
304,اشراقة للاستثمار العقارى,9 ش امين الريحانى  متفرع من ش ابراهيم نوار  المنطقة السادسة  مدينة نصر  القاهرة.,,+20223548188 
305,اشراقة للاستثمار العقارى,9 ش امين الريحانى  متفرع من ش ابراهيم نوار  المنطقة السادسة  مدينة نصر  القاهرة.,, +201000053472 
306,اشراقة للاستثمار العقارى,9 ش امين الريحانى  متفرع من ش ابراهيم نوار  المنطقة السادسة  مدينة نصر  القاهرة.,, +20223549188
307,اشرف للاستثمار العقارى,114 ش جسر السويس  الزيتون  القاهرة.,,+201117749400
308,اشرف للخدمات والعقارات,1 عمارات الضباط - ش 306  المعادى الجديدة  المعادى  القاهرة.,,+201116224494
309,اصول,28 عمارات الشرطة -  طره  القاهرة.,,+20227004929 
310,اصول,28 عمارات الشرطة -  طره  القاهرة.,, +201221345503
311,اصول,طريق مصر حلوان الزراعى  المعادى  القاهرة.,,+201005288342 
312,اصول,طريق مصر حلوان الزراعى  المعادى  القاهرة.,, +201004695974
313,اصول البحر الاحمر للاستثمار العقارى وادارة المشروعات,مبنى 272 و 273 - ش التسعين الشمالى  التجمع الخامس  القاهرة الجديدة  القاهرة.,,+201099905775
314,اصول الدولية للاستثمار العقارى,19 ش الطيران  المنطقة الاولى  مدينة نصر  القاهرة.,,+201005565590 
315,اصول الدولية للاستثمار العقارى,19 ش الطيران  المنطقة الاولى  مدينة نصر  القاهرة.,, +201224843816 
316,اصول الدولية للاستثمار العقارى,19 ش الطيران  المنطقة الاولى  مدينة نصر  القاهرة.,, +20224048248
317,اصول للعقارات,مجمع البنوك - مكتب 203  مدينتى  القاهرة.,,+201111112613
318,اصول مصر,4 ش احمد فخرى متفرع من طريق النصر  مدينة نصر  القاهرة.,,+201066266935 
319,اصول مصر,4 ش احمد فخرى متفرع من طريق النصر  مدينة نصر  القاهرة.,, +201206699841 
320,اصول مصر,4 ش احمد فخرى متفرع من طريق النصر  مدينة نصر  القاهرة.,, +201118849643 
321,اصول مصر,4 ش احمد فخرى متفرع من طريق النصر  مدينة نصر  القاهرة.,, +201028066692
322,اصول مصر للعقارات,139 مساكن الشباب - محلية 4 -   التجمع الثالث  القاهرة الجديدة  القاهرة.,,+201114766271
323,اطلس للتسويق العقارى,  البنفسج 5  البنفسج  القاهرة الجديدة  القاهرة.,,+201010965987
324,اطلس للعقارات,2 ش اللواء احمد محمد على ناصية ش عبد الرحمن الرافعى - ميدان الحجاز  مصر الجديدة  القاهرة.,,+20221808372 
325,اطلس للعقارات,2 ش اللواء احمد محمد على ناصية ش عبد الرحمن الرافعى - ميدان الحجاز  مصر الجديدة  القاهرة.,, +201001574364
326,اعلام للتنمية وادارة المشروعات,5 ش مركز المعلومات  الحى التاسع  مدينة نصر  القاهرة.,,+20224731841 
327,اعلام للتنمية وادارة المشروعات,5 ش مركز المعلومات  الحى التاسع  مدينة نصر  القاهرة.,, +201002145873 
328,اعلام للتنمية وادارة المشروعات,5 ش مركز المعلومات  الحى التاسع  مدينة نصر  القاهرة.,, +201002145874 
329,اعلام للتنمية وادارة المشروعات,5 ش مركز المعلومات  الحى التاسع  مدينة نصر  القاهرة.,, +201001526362 
330,اعلام للتنمية وادارة المشروعات,5 ش مركز المعلومات  الحى التاسع  مدينة نصر  القاهرة.,, +20224731840 
331,اعلام للتنمية وادارة المشروعات,5 ش مركز المعلومات  الحى التاسع  مدينة نصر  القاهرة.,, +20224731842
332,اعلام للمشروعات السياحية والتطوير العمرانى,5 ش جمال الدين دويدار  متفرع من ش عباس العقاد  الحى الثامن  مدينة نصر  القاهرة.,,+20226718136 
333,اعلام للمشروعات السياحية والتطوير العمرانى,5 ش جمال الدين دويدار  متفرع من ش عباس العقاد  الحى الثامن  مدينة نصر  القاهرة.,, +20226718134 
334,اعلام للمشروعات السياحية والتطوير العمرانى,5 ش جمال الدين دويدار  متفرع من ش عباس العقاد  الحى الثامن  مدينة نصر  القاهرة.,, +20226718135
335,اعمار الشرق,2 أ ابراج الفاروقية ش جسر السويس  الشقة 307  الدور 3  جسر السويس  القاهرة.,,+201099417021 
336,اعمار الشرق,2 أ ابراج الفاروقية ش جسر السويس  الشقة 307  الدور 3  جسر السويس  القاهرة.,, +20226517933
337,اعمار العربية,115 ش عثمان بن عفان  روكسى  مصر الجديدة  القاهرة.,,+20224142231
338,اعمار المستقبل,بلوك 6193 ش الجامعة الحديثة  الهضبة الوسطى  المقطم  القاهرة.,,+201009500905
339,اعمار كايرو,  مدينة الواحة  مدينة نصر  القاهرة.,,+201091010709 
340,اعمار كايرو,  مدينة الواحة  مدينة نصر  القاهرة.,, +201033981010
341,اعمار للاستثمار والتسويق العقارى,التجمع الخامس  القاهرة الجديدة  القاهرة.,,+20225787740
342,اعمار للتسويق العقارى,3 ش الاهرام ميدان النافورة  المقطم  القاهرة.,,+20228452704 
343,اعمار للتسويق العقارى,3 ش الاهرام ميدان النافورة  المقطم  القاهرة.,, +201000560010
344,اعمار للعقارات,7 ش محمد محمود ابو المعاطى  حدائق المعادى  المعادى  القاهرة.,,+201146911405 
345,اعمار للعقارات,7 ش محمد محمود ابو المعاطى  حدائق المعادى  المعادى  القاهرة.,, +201200578524 
346,اعمار للعقارات,7 ش محمد محمود ابو المعاطى  حدائق المعادى  المعادى  القاهرة.,, +201097016829
347,اعمار مصر الدولية,210 ش جسر السويس  جسر السويس  القاهرة.,,+201147534666 
348,اعمار مصر الدولية,210 ش جسر السويس  جسر السويس  القاهرة.,, +201147530111
349,اعمار مصر للتنمية,ش الاعلاميين  متفرع من ش صلاح سالم  المقطم  القاهرة.,,+20225032000 
350,اعمار مصر للتنمية,ش الاعلاميين  متفرع من ش صلاح سالم  المقطم  القاهرة.,, +20225032141 
351,اعمار مصر للتنمية,ش الاعلاميين  متفرع من ش صلاح سالم  المقطم  القاهرة.,, 16116 
352,اعمار مصر للتنمية,ش الاعلاميين  متفرع من ش صلاح سالم  المقطم  القاهرة.,, +20225032063 
353,اعمار مصر للتنمية,ش الاعلاميين  متفرع من ش صلاح سالم  المقطم  القاهرة.,, +20225032020
354,اعمار مصر للعقارات,34 ش عباس العقاد  مدينة نصر  القاهرة.,,+201008894338 
355,اعمار مصر للعقارات,34 ش عباس العقاد  مدينة نصر  القاهرة.,, +201008892665
356,اعماركم للاستثمار العقارى,القطعة 50  الحى الثالث - الهضبة الوسطى  المقطم  القاهرة.,,15489 
357,اعماركم للاستثمار العقارى,القطعة 50  الحى الثالث - الهضبة الوسطى  المقطم  القاهرة.,, +20227293330
358,اغابى للاستثمار العقارى,107 ش احمد عصمت  عين شمس الشرقية  القاهرة.,,+201211162614 
359,اغابى للاستثمار العقارى,107 ش احمد عصمت  عين شمس الشرقية  القاهرة.,, +201006287116
360,اغابى للاستثمار والتسويق العقارى,213 ش الحجاز  ميدان الحجاز  مصر الجديدة  القاهرة.,,+20226240808 
361,اغابى للاستثمار والتسويق العقارى,213 ش الحجاز  ميدان الحجاز  مصر الجديدة  القاهرة.,, +201280008000 
362,اغابى للاستثمار والتسويق العقارى,213 ش الحجاز  ميدان الحجاز  مصر الجديدة  القاهرة.,, +201111135051
363,اغاخان للعقارات,12 ابراج اغاخان -  اغاخان  القاهرة.,,+201223698880 
364,اغاخان للعقارات,12 ابراج اغاخان -  اغاخان  القاهرة.,, +20222048997
365,اغاخان للعقارات,4 ابراج اغاخان -  شبرا  القاهرة.,,+201226405114 
366,اغاخان للعقارات,4 ابراج اغاخان -  شبرا  القاهرة.,, +201229998210
367,افاق للاستثمار والتنمية العقارية,21 عمارات العبور -  مدينة نصر  القاهرة.,,+20224032634 
368,افاق للاستثمار والتنمية العقارية,21 عمارات العبور -  مدينة نصر  القاهرة.,, +20224032527
369,افاق للاعمار,الطريق الدائرى - كومباوند البارون سيتى - برج 30  المعادى الجديدة  المعادى  القاهرة.,,+201093005245
370,افريكا للاستثمار العقارى,3 ش 287  المعادى الجديدة  المعادى  القاهرة.,,+20225190728
371,افريكانو للعقارات,السوق التجارى  مدينة الرحاب  القاهرة.,,+20226924368
372,افق للاستثمار العقارى,19 - منطقة المستثمرين الجنوبية - كمباوند ضاحية الشرق  التجمع الخامس  القاهرة الجديدة  القاهرة.,,+201091056470 
373,افق للاستثمار العقارى,19 - منطقة المستثمرين الجنوبية - كمباوند ضاحية الشرق  التجمع الخامس  القاهرة الجديدة  القاهرة.,, +201028240501
374,افق للاستشارات و التسويق العقارى,فيلا 119 - - البنفسج 7  البنفسج  القاهرة الجديدة  القاهرة.,,+201006028883 
375,افق للاستشارات و التسويق العقارى,فيلا 119 - - البنفسج 7  البنفسج  القاهرة الجديدة  القاهرة.,, +20223078476 
376,افق للاستشارات و التسويق العقارى,فيلا 119 - - البنفسج 7  البنفسج  القاهرة الجديدة  القاهرة.,, +20223078475 
377,افق للاستشارات و التسويق العقارى,فيلا 119 - - البنفسج 7  البنفسج  القاهرة الجديدة  القاهرة.,, +20223078473
378,افنجارد للتطوير العقارى,1081 كورنيش النيل  جاردن سيتى  القاهرة.,,+201025254884 
379,افنجارد للتطوير العقارى,1081 كورنيش النيل  جاردن سيتى  القاهرة.,, +201099009408 
380,افنجارد للتطوير العقارى,1081 كورنيش النيل  جاردن سيتى  القاهرة.,, +20227933216
381,افندينا,11 أ عمارات الشركة العربية -  القطامية  القاهرة.,,+201220480304
382,افندينا للعقارات,8 ش الاشراف  حدائق المعادى  المعادى  القاهرة.,,+201282480815 
383,افندينا للعقارات,8 ش الاشراف  حدائق المعادى  المعادى  القاهرة.,, +201012737484
384,اكاديا العقارية,فيلا 269 - ش التسعين الجنوبى  التجمع الخامس  القاهرة الجديدة  القاهرة.,,+201012222126 
385,اكاديا العقارية,فيلا 269 - ش التسعين الجنوبى  التجمع الخامس  القاهرة الجديدة  القاهرة.,, +201012222127 
386,اكاديا العقارية,فيلا 269 - ش التسعين الجنوبى  التجمع الخامس  القاهرة الجديدة  القاهرة.,, 16051
387,اكام ديفيلوبمنتس,القطعة 303 ش التسعين الجنوبى  التجمع الخامس  القاهرة الجديدة  القاهرة.,,16224
388,اكام للتطوير والتنمية العمرانية,303 بش التسعين الجنوبى  التجمع الخامس  القاهرة الجديدة  القاهرة.,,+201115559985 
389,اكام للتطوير والتنمية العمرانية,303 بش التسعين الجنوبى  التجمع الخامس  القاهرة الجديدة  القاهرة.,, +201122274445 
390,اكام للتطوير والتنمية العمرانية,303 بش التسعين الجنوبى  التجمع الخامس  القاهرة الجديدة  القاهرة.,, +201011374878 
391,اكام للتطوير والتنمية العمرانية,303 بش التسعين الجنوبى  التجمع الخامس  القاهرة الجديدة  القاهرة.,, +201116017775
392,اكتيف جروب للاستثمار العقارى,6 عمارات الشركة السعودية ش النزهة  الدور 2  ارض الجولف  مصر الجديدة  القاهرة.,,+20226901777 
393,اكتيف جروب للاستثمار العقارى,6 عمارات الشركة السعودية ش النزهة  الدور 2  ارض الجولف  مصر الجديدة  القاهرة.,, +201064599990
394,اكتيف للاستثمار والتنمية العقارية,67 ش حسنين هيكل  مدينة نصر  القاهرة.,,+20222718709 
395,اكتيف للاستثمار والتنمية العقارية,67 ش حسنين هيكل  مدينة نصر  القاهرة.,, +20222720973 
396,اكتيف للاستثمار والتنمية العقارية,67 ش حسنين هيكل  مدينة نصر  القاهرة.,, +201211210659 
397,اكتيف للاستثمار والتنمية العقارية,67 ش حسنين هيكل  مدينة نصر  القاهرة.,, +201141336624
398,اكسبات ايجيبت للعقارات والاستشارات السياحية,19 ش حسن عاصم متفرع من ش البرازيل  الزمالك  القاهرة.,,+20227364548 
399,اكسبات ايجيبت للعقارات والاستشارات السياحية,19 ش حسن عاصم متفرع من ش البرازيل  الزمالك  القاهرة.,, +201223393544 
400,اكسبات ايجيبت للعقارات والاستشارات السياحية,19 ش حسن عاصم متفرع من ش البرازيل  الزمالك  القاهرة.,, +201064027499
401,اكسبريس الاستثمار العقارى,119 ش المنيل  المنيل  القاهرة.,,+201000400663
402,اكستريم للعقارات,70 ش جوزيف تيتو  النزهة الجديدة  القاهرة.,,+20226247400 
403,اكستريم للعقارات,70 ش جوزيف تيتو  النزهة الجديدة  القاهرة.,, +201066332312
404,اكستنشن بروبرتيز,فيلا 118 - - الحى الاول  التجمع الخامس  القاهرة الجديدة  القاهرة.,,+201144442106 
405,اكستنشن بروبرتيز,فيلا 118 - - الحى الاول  التجمع الخامس  القاهرة الجديدة  القاهرة.,, +201144442103
406,اكسل للاستثمار العقارى,1 ش الالفى - الجزيرة  دار السلام  القاهرة.,,+201117455551 
407,اكسل للاستثمار العقارى,1 ش الالفى - الجزيرة  دار السلام  القاهرة.,, +201000325049
408,اكسيس للتنمية العقارية,20 ش احمد الزمر  الحى الثامن  مدينة نصر  القاهرة.,,+20222758832 
409,اكسيس للتنمية العقارية,20 ش احمد الزمر  الحى الثامن  مدينة نصر  القاهرة.,, +20222759051 
410,اكسيس للتنمية العقارية,20 ش احمد الزمر  الحى الثامن  مدينة نصر  القاهرة.,, +201005441166
411,اكسيوم للتطوير العقارى,فيلا 297 ش التسعين الجنوبى  النرجس 2  النرجس  القاهرة الجديدة  القاهرة.,,19447 
412,اكسيوم للتطوير العقارى,فيلا 297 ش التسعين الجنوبى  النرجس 2  النرجس  القاهرة الجديدة  القاهرة.,, +201110004416
413,اكنان للتطوير العقارى,148 ش العروبة  متفرع من ش التسعين  التجمع الخامس  القاهرة الجديدة  القاهرة.,,15218
414,اكويتى ستون كابيتال,فيلا 287 - - المنطقة ج  جنوب الاكاديمية  القاهرة الجديدة  القاهرة.,,+201003387575
415,ال بركات للتسويق العقارى والمنشآت,121 - الحى الثالث - التجمع الخامس  القاهرة الجديدة  القاهرة.,,+20225622754 
416,ال بركات للتسويق العقارى والمنشآت,121 - الحى الثالث - التجمع الخامس  القاهرة الجديدة  القاهرة.,, +201063339661
417,ال حماد لبيع وتقسيم الاراضى,110 ش جسر البحر  شبرا  القاهرة.,,+20221962044 
418,ال حماد لبيع وتقسيم الاراضى,110 ش جسر البحر  شبرا  القاهرة.,, +20221962199
419,ال حماد للاراضى,110 ش جسر البحر  الساحل  القاهرة.,,+201001041901
420,ال خطاب,250 - الحى الرابع - الدور 5  القاهرة الجديدة  القاهرة.,,+20225416600 
421,ال خطاب,250 - الحى الرابع - الدور 5  القاهرة الجديدة  القاهرة.,, +201112900062 
422,ال خطاب,250 - الحى الرابع - الدور 5  القاهرة الجديدة  القاهرة.,, +201008477527 
423,ال خطاب,250 - الحى الرابع - الدور 5  القاهرة الجديدة  القاهرة.,, +201271171726
424,ال درويش للعقارات,26 ش هيئة المينا متفرع من ش مصر للطيران  النزهة الجديدة  القاهرة.,,+20226208267 
425,ال درويش للعقارات,26 ش هيئة المينا متفرع من ش مصر للطيران  النزهة الجديدة  القاهرة.,, +201227765752
426,ال دياب للعقارات,1 ج عمارات الفاروقية -  جسر السويس  القاهرة.,,+201009498997
427,ال سعودى للعقارات,38 ش غرب السكة الحديد  عزبة النخل  القاهرة.,,+201150700242
428,ال علاء,3 مساكن الجيزة -  القطامية  القاهرة.,,+20227577620
429,ال غزال للعقارات,2 ش سليمان غزال  المرج  القاهرة.,,+201093700072 
430,ال غزال للعقارات,2 ش سليمان غزال  المرج  القاهرة.,, +201111850316
431,ال فواز للتسويق العقارى,ش الطيران  الشقة 4  الدور 2  مدينة نصر  القاهرة.,,+201002325333 
432,ال فواز للتسويق العقارى,ش الطيران  الشقة 4  الدور 2  مدينة نصر  القاهرة.,, +201005889118
433,ال كساب للاستثمار العقارى,12 ش شهاب الدين متفرع من ش محمد رفعت  مصر الجديدة  القاهرة.,,+20222418430 
434,ال كساب للاستثمار العقارى,12 ش شهاب الدين متفرع من ش محمد رفعت  مصر الجديدة  القاهرة.,, +201222895097
435,ال ماجد,9 ش احمد موسى متفرع من ش ترعة الجبل  الزيتون  القاهرة.,,+201200049950 
436,ال ماجد,9 ش احمد موسى متفرع من ش ترعة الجبل  الزيتون  القاهرة.,, +201227786582
437,ال مسلم للعقارات,11 ش المزرعة - كفر الشرفا  المرج  القاهرة.,,+201128202790
438,ال نعيم للاستثمار العقارى,25 ش مسجد الرضا  عين شمس الشرقية  القاهرة.,,+20224922644 
439,ال نعيم للاستثمار العقارى,25 ش مسجد الرضا  عين شمس الشرقية  القاهرة.,, +201222446302
440,ال نوفل للعقارات,1 ش البترول  المرج  القاهرة.,,+201286194700
441,ال يحيى للعقارات,2  حارة سيد متولى  عرب جسر السويس  جسر السويس  القاهرة.,,+201125052589 
442,ال يحيى للعقارات,2  حارة سيد متولى  عرب جسر السويس  جسر السويس  القاهرة.,, +201023058002
443,الاء للاستثمار العقارى,38 ش الصادق عليش  عين شمس الشرقية  القاهرة.,,+201118709209 
444,الاء للاستثمار العقارى,38 ش الصادق عليش  عين شمس الشرقية  القاهرة.,, +201007140534
445,الاباظية للاستثمارالعقارى,46 ش عبد الله العربى  امتداد ش الطيران  الحى السابع  مدينة نصر  القاهرة.,,+20226714531 
446,الاباظية للاستثمارالعقارى,46 ش عبد الله العربى  امتداد ش الطيران  الحى السابع  مدينة نصر  القاهرة.,, +20226714532 
447,الاباظية للاستثمارالعقارى,46 ش عبد الله العربى  امتداد ش الطيران  الحى السابع  مدينة نصر  القاهرة.,, +201200007172 
448,الاباظية للاستثمارالعقارى,46 ش عبد الله العربى  امتداد ش الطيران  الحى السابع  مدينة نصر  القاهرة.,, +201274000406 
449,الاباظية للاستثمارالعقارى,46 ش عبد الله العربى  امتداد ش الطيران  الحى السابع  مدينة نصر  القاهرة.,, +20226714540
450,الابناء للتنمية العقارية,18 ش متحف المطرية  عين شمس  القاهرة.,,+20226421950
451,الابيض للتسويق العقارى,13 ش خليل ابن قلاوون  ميدان الحجاز  مصر الجديدة  القاهرة.,,+20222679837 
452,الابيض للتسويق العقارى,13 ش خليل ابن قلاوون  ميدان الحجاز  مصر الجديدة  القاهرة.,, +20222679836 
453,الابيض للتسويق العقارى,13 ش خليل ابن قلاوون  ميدان الحجاز  مصر الجديدة  القاهرة.,, +201022245799 
454,الابيض للتسويق العقارى,13 ش خليل ابن قلاوون  ميدان الحجاز  مصر الجديدة  القاهرة.,, +201020539313
455,الاتحاد,ش الخمسين  جسر السويس  القاهرة.,,+201112400420
456,الاتحاد العربى للاستثمارات,5 طريق صلاح سالم  مدينة نصر  القاهرة.,,+20224182695
457,الاتحاد للتسويق العقارى,17 ش احمد كمال  متفرع من ش عبد الحميد بدوى  النزهة  مصر الجديدة  القاهرة.,,+20226231001
458,الاتحاد للخدمات العقارية,35 ش 270 متفرع من ش العروبة  المعادى الجديدة  المعادى  القاهرة.,,+20227032148 
459,الاتحاد للخدمات العقارية,35 ش 270 متفرع من ش العروبة  المعادى الجديدة  المعادى  القاهرة.,, +201223863763
460,الاتحاد للعقارات,14 ش رايل  حلوان  القاهرة.,,+201142161360 
461,الاتحاد للعقارات,14 ش رايل  حلوان  القاهرة.,, +201226572504
462,الاتحاد للعقارات,1 ش عبد الحميد العشماوى  المعادى  القاهرة.,,+201228598551 
463,الاتحاد للعقارات,1 ش عبد الحميد العشماوى  المعادى  القاهرة.,, +201119064092 
464,الاتحاد للعقارات,1 ش عبد الحميد العشماوى  المعادى  القاهرة.,, +201006483897
465,الاتحاد للعقارات,القطعة 398 -   الحرفيين  القاهرة.,,+20226984105
466,الاحلام للعقارات,بلوك 2 - عمارات العرائس -  المعادى الجديدة  المعادى  القاهرة.,,+20225174357
467,الاحمدى,1 ش الدندراوى  دار السلام  القاهرة.,,+20223597194
468,الاحمدى لتقسيم الاراضى,8 ش السد العالى  البساتين  القاهرة.,,+201007879744 
469,الاحمدى لتقسيم الاراضى,8 ش السد العالى  البساتين  القاهرة.,, +201112019892
470,الاحمدى للعقارات,388 ش احمد الزمر  الحى العاشر  مدينة نصر  القاهرة.,,+20224114329
471,الاخلاص,ش الخمسين  النزهة الجديدة  القاهرة.,,+201003344303 
472,الاخلاص,ش الخمسين  النزهة الجديدة  القاهرة.,, +201065777597 
473,الاخلاص,ش الخمسين  النزهة الجديدة  القاهرة.,, +201002755573
474,الاخلاص,ش اللبان  حدائق المعادى  المعادى  القاهرة.,,+201003089409 
475,الاخلاص,ش اللبان  حدائق المعادى  المعادى  القاهرة.,, +201119770853
476,الاخلاص للاستثمار العقارى,11 ش البترول  المرج الجديدة  القاهرة.,,+201028736238 
477,الاخلاص للاستثمار العقارى,11 ش البترول  المرج الجديدة  القاهرة.,, +201066809720
478,الاخلاص للاستثمار العقارى,9410 ش الجامعة الحديثة  الحى الثامن  المقطم  القاهرة.,,+201123256158 
479,الاخلاص للاستثمار العقارى,9410 ش الجامعة الحديثة  الحى الثامن  المقطم  القاهرة.,, +201003326614
480,الاخلاص للتسويق العقارى,ش احمد محمد على  مصر الجديدة  القاهرة.,,+20221805431 
481,الاخلاص للتسويق العقارى,ش احمد محمد على  مصر الجديدة  القاهرة.,, +201224037604
482,الاخلاص للتسويق العقارى,2 ش نور الهدى  المرج  القاهرة.,,+201200299386 
483,الاخلاص للتسويق العقارى,2 ش نور الهدى  المرج  القاهرة.,, +201146706637
484,الاخلاص للتسويق العقارى,7 ش عثمان بن عفان متفرع من ش جمال عبد الناصر  جسر السويس  القاهرة.,,+201222419431 
485,الاخلاص للتسويق العقارى,7 ش عثمان بن عفان متفرع من ش جمال عبد الناصر  جسر السويس  القاهرة.,, +201114118792
486,الاخلاص للخدمات العقارية,8 عمارات العبور - طريق صلاح سالم  مدينة نصر  القاهرة.,,+20222619154 
487,الاخلاص للخدمات العقارية,8 عمارات العبور - طريق صلاح سالم  مدينة نصر  القاهرة.,, +201000148125 
488,الاخلاص للخدمات العقارية,8 عمارات العبور - طريق صلاح سالم  مدينة نصر  القاهرة.,, +20222615811
489,الاخلاص للعقارات,ش شريف رمزى  المعادى  القاهرة.,,+201147480338
490,الاخلاص للعقارات,ش صالح عابدين  دار السلام  القاهرة.,,+201285524094
491,الاخلاص للعقارات,2 ش يوسف السيد - فايدة كامل  البساتين  القاهرة.,,+201222551759
492,الاخلاص للعقارات,11 ابراج اغاخان -  اغاخان  القاهرة.,,+20222051884
493,الاخلاص للعقارات,50 ش محمد صلاح - كفر الشرفا  المرج  القاهرة.,,+201145674767 
494,الاخلاص للعقارات,50 ش محمد صلاح - كفر الشرفا  المرج  القاهرة.,, +201283377093
495,الاخوة,354 ش احمد سليم  زهراء مدينة نصر  مدينة نصر  القاهرة.,,+201223946053
496,الاخوة المتحدون للمقاولات العمومية والاستثمار العقارى,ش الزهور متفرع من ش الصاعقة  مدينة نصر  القاهرة.,,+201024363410
497,الاخوة المتحدين للتنمية العقارية,11 ش حسنى مبارك متفرع من ش السلاب  عزبة الهجانة  مدينة نصر  القاهرة.,,+201116500083 
498,الاخوة المتحدين للتنمية العقارية,11 ش حسنى مبارك متفرع من ش السلاب  عزبة الهجانة  مدينة نصر  القاهرة.,, +201111672204
499,الاخوة جروب للتسويق العقارى,ش ال شنب  مدينة نصر  القاهرة.,,+201005518120 
500,الاخوة جروب للتسويق العقارى,ش ال شنب  مدينة نصر  القاهرة.,, +201142641179
501,الاخوة لتجارة الاراضى,17 ش كمال حمزة  المرج  القاهرة.,,+201007697949
502,الاخوة للتسويق العقارى,21 ش ابو العتاهية امتداد ش عباس العقاد  الحى الثامن  مدينة نصر  القاهرة.,,+20222741963 
503,الاخوة للتسويق العقارى,21 ش ابو العتاهية امتداد ش عباس العقاد  الحى الثامن  مدينة نصر  القاهرة.,, +201005271845
504,الاخوة للتسويق العقارى والتشطيبات,50 ش مصطفى النحاس تقاطع ش مكرم عبيد  المنطقة السادسة  مدينة نصر  القاهرة.,,+20222734352 
505,الاخوة للتسويق العقارى والتشطيبات,50 ش مصطفى النحاس تقاطع ش مكرم عبيد  المنطقة السادسة  مدينة نصر  القاهرة.,, +201011858064
506,الاخوة للعقارات,1 ش الاتحاد متفرع من ش عبد الحميد مكى  حدائق المعادى  المعادى  القاهرة.,,+20227186049
507,الادهم,11 ش ترعة برلنت  عزبة النخل  القاهرة.,,+201129326668 
508,الادهم,11 ش ترعة برلنت  عزبة النخل  القاهرة.,, +201129346668
509,الادهم للتسويق العقارى,ش محمود عمار  عزبة الهجانة  مدينة نصر  القاهرة.,,+20229289398 
510,الادهم للتسويق العقارى,ش محمود عمار  عزبة الهجانة  مدينة نصر  القاهرة.,, +201229362646
511,الادهم للعقارات,8 ش صلاح حامد  حدائق حلوان  القاهرة.,,+201200671502 
512,الادهم للعقارات,8 ش صلاح حامد  حدائق حلوان  القاهرة.,, +201157444548
513,الارزاق بالله للعقارات,1 ش السوق التجارى  المرج  القاهرة.,,+201278200348
514,الارقم للعقارات,72 ش محمد عزت طموم  جسر السويس  القاهرة.,,+201007006473
515,الارقم للمقاولات والاستثمار العقارى,5 عمارات الامداد والتموين - وحدة 74 - طريق النصر  مدينة نصر  القاهرة.,,+201000485351
516,الاساليب الحديثة للتسويق العقارى,11 ش الكامل محمد  الزمالك  القاهرة.,,+20227362744 
517,الاساليب الحديثة للتسويق العقارى,11 ش الكامل محمد  الزمالك  القاهرة.,, +20227363542
518,الاساليب الحديثة للحلول العقارية,81 ش جوزيف تيتو - الدور 2  النزهة الجديدة  القاهرة.,,+20226215556 
519,الاساليب الحديثة للحلول العقارية,81 ش جوزيف تيتو - الدور 2  النزهة الجديدة  القاهرة.,, +201122285150 
520,الاساليب الحديثة للحلول العقارية,81 ش جوزيف تيتو - الدور 2  النزهة الجديدة  القاهرة.,, +201121220812 
521,الاساليب الحديثة للحلول العقارية,81 ش جوزيف تيتو - الدور 2  النزهة الجديدة  القاهرة.,, +201009653291
522,الاستاذ,18 ش عمر بن الخطاب  مدينة قباء  القاهرة.,,+201113730833
523,الاستاذ للعقارات,5 ش احمد عبد الله  عين شمس الشرقية  القاهرة.,,+201094471678 
524,الاستاذ للعقارات,5 ش احمد عبد الله  عين شمس الشرقية  القاهرة.,, +201094476196
525,الاستاذ للعقارات,16 ش عبد الله رفاعى  المرج  القاهرة.,,+201150758428
526,الاستثمار العقارى,74 مساكن صقر قريش -  المعادى الجديدة  المعادى  القاهرة.,,+201001936238
527,الاستثمار العقارى العربى - اليكو,8 ش محمد الخضر حسين  ارض الجولف  مصر الجديدة  القاهرة.,,+20226901617 
528,الاستثمار العقارى العربى - اليكو,8 ش محمد الخضر حسين  ارض الجولف  مصر الجديدة  القاهرة.,, +20226901627 
529,الاستثمار العقارى العربى - اليكو,8 ش محمد الخضر حسين  ارض الجولف  مصر الجديدة  القاهرة.,, +20224193052 
530,الاستثمار العقارى العربى - اليكو,8 ش محمد الخضر حسين  ارض الجولف  مصر الجديدة  القاهرة.,, +20224193072
531,الاستثمارات العقارية,35 ب كورنيش النيل - الدور 1  كورنيش المعادى  المعادى  القاهرة.,,+20225271293 
532,الاستثمارات العقارية,35 ب كورنيش النيل - الدور 1  كورنيش المعادى  المعادى  القاهرة.,, +20225271295 
533,الاستثمارات العقارية,35 ب كورنيش النيل - الدور 1  كورنيش المعادى  المعادى  القاهرة.,, +20225271294 
534,الاستثمارات العقارية,35 ب كورنيش النيل - الدور 1  كورنيش المعادى  المعادى  القاهرة.,, +20225240547
535,الاسراء للاستثمار العقارى,112 ش غرب السكة الحديد  المرج  القاهرة.,,+201228333644 
536,الاسراء للاستثمار العقارى,112 ش غرب السكة الحديد  المرج  القاهرة.,, +201225857500
537,الاسراء للاستثمار العقارى,ش الخمسين  جسر السويس  القاهرة.,,+201065647553 
538,الاسراء للاستثمار العقارى,ش الخمسين  جسر السويس  القاهرة.,, +201001970056
539,الاسراء للتسويق العقارى,ش 9 متفرع من كورنيش النيل - الدواجن  حلوان  القاهرة.,,+201115392609 
540,الاسراء للتسويق العقارى,ش 9 متفرع من كورنيش النيل - الدواجن  حلوان  القاهرة.,, +201222593541
541,الاسراء للتسويق العقارى,1 ش مصطفى النحاس - عمارة التعاونيات  الحى الثامن  مدينة نصر  القاهرة.,,+20224708922 
542,الاسراء للتسويق العقارى,1 ش مصطفى النحاس - عمارة التعاونيات  الحى الثامن  مدينة نصر  القاهرة.,, +201006307869 
543,الاسراء للتسويق العقارى,1 ش مصطفى النحاس - عمارة التعاونيات  الحى الثامن  مدينة نصر  القاهرة.,, +201127073707
544,الاسراء للعقارات,ش ابراهيم عبد الرازق  عين شمس الشرقية  القاهرة.,,+20224981543
545,الاسراء للعقارات,4 ش 298 متفرع من ش 95  المعادى الجديدة  المعادى  القاهرة.,,+201221306948 
546,الاسراء للعقارات,4 ش 298 متفرع من ش 95  المعادى الجديدة  المعادى  القاهرة.,, +201227729078
547,الاسراء للعقارات,3 أ عمارات الهيئة العربية للتصنيع ش مكرم عبيد  مدينة نصر  القاهرة.,,+201222752515 
548,الاسراء للعقارات,3 أ عمارات الهيئة العربية للتصنيع ش مكرم عبيد  مدينة نصر  القاهرة.,, +201022253878
549,الاسرة,91 مساكن الجيزة -  القطامية  القاهرة.,,+20227581190 
550,الاسرة,91 مساكن الجيزة -  القطامية  القاهرة.,, +201063636101
551,الاسكان والتعمير,5 ش محمد عبيد  مصر الجديدة  القاهرة.,,+20226906888
552,الاسلام للعقارات,ش 298  المعادى الجديدة  المعادى  القاهرة.,,+20227049785
553,الاسلامية,19 ش ادم متفرع من ش منشية التحرير  عين شمس الشرقية  القاهرة.,,+20226335039
554,الاسلامية للاستثمار العقارى,2 ش عبد المنعم رياض  عين شمس  القاهرة.,,+201001671812
555,الاسلامية للتسويق العقارى,7595 ش كلية الصيدلة  الحى السادس  المقطم  القاهرة.,,+201006551092
556,الاسلامية للعقارات,ش ابناء قنا  المرج الجديدة  القاهرة.,,+201229217680 
557,الاسلامية للعقارات,ش ابناء قنا  المرج الجديدة  القاهرة.,, +201205012113
558,الاسلامية للعقارات,2 ش محمود مسلم - مدينة الصفا  المرج  القاهرة.,,+201004273945 
559,الاسلامية للعقارات,2 ش محمود مسلم - مدينة الصفا  المرج  القاهرة.,, +201008579608
560,الاسمر,29 ش الحجاز  روكسى  مصر الجديدة  القاهرة.,,+20222562066 
561,الاسمر,29 ش الحجاز  روكسى  مصر الجديدة  القاهرة.,, +20224523776 
562,الاسمر,29 ش الحجاز  روكسى  مصر الجديدة  القاهرة.,, +20224516909 
563,الاسمر,29 ش الحجاز  روكسى  مصر الجديدة  القاهرة.,, +201225810024
564,الاسناوى,بلوك 18 - مساكن اطلس -  المقطم  القاهرة.,,+201006915230
565,الاسيوطى,36 ش على شحاتة  عين شمس  القاهرة.,,+201117017077
566,الاسيوطى,ش شهداء التحرير  زهراء مدينة نصر  مدينة نصر  القاهرة.,,+201001057335
567,الاسيوطى,31 مساكن اسبيكو القديم -  مدينة السلام  القاهرة.,,+201226486175
568,الاسيوطى للاستثمار العقارى,37 ش 7  المعادى  القاهرة.,,+20223586727
569,الاسيوطى للتسويق العقارى,ش السلام  دار السلام  القاهرة.,,+201148659090 
570,الاسيوطى للتسويق العقارى,ش السلام  دار السلام  القاهرة.,, +201115444161
571,الاسيوطى للعقارات,60 ش الطيران  المنطقة الاولى  مدينة نصر  القاهرة.,,+201271944831 
572,الاسيوطى للعقارات,60 ش الطيران  المنطقة الاولى  مدينة نصر  القاهرة.,, +20222615573
573,الاشراف للاستثمار العقارى,1 ش ابو زهرة  المرج  القاهرة.,,+201149314070
574,الاشراف للاستثمار العقارى,70 ش حسنين دسوقى  حدائق المعادى  المعادى  القاهرة.,,+20223745066 
575,الاشراف للاستثمار العقارى,70 ش حسنين دسوقى  حدائق المعادى  المعادى  القاهرة.,, +201005227012
576,الاشراف للتسويق العقارى,53 ش شهداء التحرير  زهراء مدينة نصر  مدينة نصر  القاهرة.,,+20224114949 
577,الاشراف للتسويق العقارى,53 ش شهداء التحرير  زهراء مدينة نصر  مدينة نصر  القاهرة.,, +20224115050
578,الاشراف للعقارات,15 ش الشيخ ابو النور  مصر الجديدة  القاهرة.,,+20222582396
579,الاشراف للعقارات,13 مساكن سابقة التجهيز - شقة 1  القطامية  القاهرة.,,+20227584750 
580,الاشراف للعقارات,13 مساكن سابقة التجهيز - شقة 1  القطامية  القاهرة.,, +201155728013 
581,الاشراف للعقارات,13 مساكن سابقة التجهيز - شقة 1  القطامية  القاهرة.,, +201003549515 
582,الاشراف للعقارات,13 مساكن سابقة التجهيز - شقة 1  القطامية  القاهرة.,, +201154058419
583,الاشراف للعقارات,3 ش صعب صالح  الالف مسكن  مصر الجديدة  القاهرة.,,+20224987119
584,الاشراف للعقارات,88 ش صعب صالح  عين شمس الشرقية  القاهرة.,,+201222642256 
585,الاشراف للعقارات,88 ش صعب صالح  عين شمس الشرقية  القاهرة.,, +201010220484
586,الاصدقاء للاستثمار العقارى,89 ش محمد فريد ابو حديد  الحى السابع  مدينة نصر  القاهرة.,,+20222720628 
587,الاصدقاء للاستثمار العقارى,89 ش محمد فريد ابو حديد  الحى السابع  مدينة نصر  القاهرة.,, +201111527718 
588,الاصدقاء للاستثمار العقارى,89 ش محمد فريد ابو حديد  الحى السابع  مدينة نصر  القاهرة.,, +201220431906
589,الاصدقاء للاستثمار العقارى,62 ش الجمهورية - مدينة الامل  المرج الجديدة  القاهرة.,,+201004923089 
590,الاصدقاء للاستثمار العقارى,62 ش الجمهورية - مدينة الامل  المرج الجديدة  القاهرة.,, +201006577659
591,الاصدقاء للتسويق العقارى,137 ش مصطفى النحاس  الحى الثامن  مدينة نصر  القاهرة.,,+20222716219
592,الاصدقاء للتسويق العقارى,7 عمارات اول مايو طريق النصر  مدينة نصر  القاهرة.,,+201141704727 
593,الاصدقاء للتسويق العقارى,7 عمارات اول مايو طريق النصر  مدينة نصر  القاهرة.,, +201092336161
594,الاصدقاء للتسويق العقارى,5 ش ذو الفقار  حلوان  القاهرة.,,+201149259440
595,الاصدقاء للعقارات,3 ابراج عثمان - فوق المتوسط - كورنيش النيل  كورنيش المعادى  المعادى  القاهرة.,,+20225282024 
596,الاصدقاء للعقارات,3 ابراج عثمان - فوق المتوسط - كورنيش النيل  كورنيش المعادى  المعادى  القاهرة.,, +201224819908 
597,الاصدقاء للعقارات,3 ابراج عثمان - فوق المتوسط - كورنيش النيل  كورنيش المعادى  المعادى  القاهرة.,, +201002704991
598,الاصدقاء للعقارات,102 ش المطراوى  المطرية  القاهرة.,,+201008056479
599,الاصدقاء للعقارات,49 عمارات صقر قريش -  المعادى  القاهرة.,,+201003608358 
600,الاصدقاء للعقارات,49 عمارات صقر قريش -  المعادى  القاهرة.,, +201220204575
601,الاصدقاء للعقارات,ش الاسماعيلية  العرب  المعادى  القاهرة.,,+201222832093 
602,الاصدقاء للعقارات,ش الاسماعيلية  العرب  المعادى  القاهرة.,, +201227833910
603,الاصدقاء للعقارات,33 ش زاكر حسين  الحى السابع  مدينة نصر  القاهرة.,,+20222734535
604,الاصدقاء للعقارات,5 ش 6 اكتوبر متفرع من ش جمال عبد الناصر  الحرفيين  القاهرة.,,+201221462634 
605,الاصدقاء للعقارات,5 ش 6 اكتوبر متفرع من ش جمال عبد الناصر  الحرفيين  القاهرة.,, +201223758391
606,الاصدقاء للعقارات,25 ش قناة السويس  ميدان سفير  مصر الجديدة  القاهرة.,,+20222417582 
607,الاصدقاء للعقارات,25 ش قناة السويس  ميدان سفير  مصر الجديدة  القاهرة.,, +20226375386
608,الاصدقاء للعقارات,3 ش 288 متفرع من ش الجزائر  المعادى الجديدة  المعادى  القاهرة.,,+20225190515
609,الاصدقاء للعقارات,1 ش احمد زكى  المرج  القاهرة.,,+201004195027 
610,الاصدقاء للعقارات,1 ش احمد زكى  المرج  القاهرة.,, +201126790358
611,الاصدقاء للعقارات,43 ش محمد صلاح - كفر الشرفا  المرج  القاهرة.,,+201024028349
612,الاصدقاء للعقارات,46 ش محمد صلاح - كفر الشرفا  المرج  القاهرة.,,+201119017010
613,الاصيل,112 أ عمارات السويسرى أ -  الحى العاشر  مدينة نصر  القاهرة.,,+20224705069 
614,الاصيل,112 أ عمارات السويسرى أ -  الحى العاشر  مدينة نصر  القاهرة.,, +201006186108
615,الاصيل للعقارات,37 ش عزت سلطان متفرع من ش محمد سلطان - بئر ام سلطان  البساتين  القاهرة.,,+20227186762 
616,الاصيل للعقارات,37 ش عزت سلطان متفرع من ش محمد سلطان - بئر ام سلطان  البساتين  القاهرة.,, +201226437761 
617,الاصيل للعقارات,37 ش عزت سلطان متفرع من ش محمد سلطان - بئر ام سلطان  البساتين  القاهرة.,, +201286554211
618,الاصيلة للاستثمار السياحى,37 ش مكرم عبيد  الحى الثامن  مدينة نصر  القاهرة.,,+20226711645 
619,الاصيلة للاستثمار السياحى,37 ش مكرم عبيد  الحى الثامن  مدينة نصر  القاهرة.,, 16829 
620,الاصيلة للاستثمار السياحى,37 ش مكرم عبيد  الحى الثامن  مدينة نصر  القاهرة.,, +201065127733
621,الاطرش للعقارات,21 ش ابو داوود الظاهرى  مدينة نصر  القاهرة.,,+20233037008 
622,الاطرش للعقارات,21 ش ابو داوود الظاهرى  مدينة نصر  القاهرة.,, +201097271666 
623,الاطرش للعقارات,21 ش ابو داوود الظاهرى  مدينة نصر  القاهرة.,, +201152222100
624,الاعلى للاستثمار العقارى,1 ب عمارات الفاروقية ش جسر السويس  الشقة 404  الدور 4  جسر السويس  القاهرة.,,+201009084090 
625,الاعلى للاستثمار العقارى,1 ب عمارات الفاروقية ش جسر السويس  الشقة 404  الدور 4  جسر السويس  القاهرة.,, +201100430059
